"llm","topic","n","raw_pct","eb_pct","lo95","hi95","shrinkage_points"
"claude-haiku-4-5-20251001","Allergy/Immunology",6,83.3333333333333,92.9706484547167,84.5819912391754,96.8932061735909,9.6373151213834
"claude-opus-4-5-20251101","Allergy/Immunology",6,100,98.1981991699408,95.4784620769837,99.3048057031889,-1.80180083005916
"deepseek-v3.2","Allergy/Immunology",6,100,97.1138058498629,93.1074283335449,98.8100315913518,-2.88619415013713
"gemini-2.5-flash-lite","Allergy/Immunology",6,83.3333333333333,89.742446661788,78.2544979942092,95.3230683670522,6.40911332845471
"gemini-3-pro-preview","Allergy/Immunology",6,83.3333333333333,96.9039698041962,92.6833825365142,98.7218970146533,13.5706364708629
"gpt-5-nano-2025-08-07","Allergy/Immunology",6,83.3333333333333,93.3732172259594,85.3392536520929,97.0759543793527,10.0398838926261
"gpt-5.1-2025-11-13","Allergy/Immunology",6,83.3333333333333,97.2714665845623,93.3351223818464,98.8525413782871,13.9381332512289
"grok-4-0709","Allergy/Immunology",6,100,96.9445572465248,92.6882112036514,98.7252761880792,-3.05544275347525
"grok-4-1-fast-reasoning","Allergy/Immunology",6,100,96.3510979653037,91.6284994518202,98.4741228267336,-3.64890203469631
"kimi-k2-thinking","Allergy/Immunology",6,100,96.1011856738904,90.9861293811886,98.3922056688458,-3.89881432610964
"claude-haiku-4-5-20251001","Anesthesiology",12,100,96.5951923295984,84.7796858026098,99.6760372338073,-3.40480767040161
"claude-opus-4-5-20251101","Anesthesiology",12,100,98.9970171016241,94.3358304664041,99.8957296594971,-1.00298289837593
"deepseek-v3.2","Anesthesiology",12,91.6666666666667,98.0406642059196,88.9768712715606,99.6696163540066,6.37399753925293
"gemini-2.5-flash-lite","Anesthesiology",12,83.3333333333333,92.8392594562391,70.7675206077854,98.5880225664136,9.50592612290573
"gemini-3-pro-preview","Anesthesiology",12,91.6666666666667,97.8764271821049,88.7705176909341,99.6398685666516,6.20976051543822
"gpt-5-nano-2025-08-07","Anesthesiology",12,91.6666666666667,95.9758753665077,81.6577659158363,99.3321064504106,4.30920869984104
"gpt-5.1-2025-11-13","Anesthesiology",12,100,98.5559348611053,92.5272692468297,99.8362972504303,-1.44406513889466
"grok-4-0709","Anesthesiology",12,83.3333333333333,97.4511603209519,82.465022665774,99.509131614577,14.1178269876185
"grok-4-1-fast-reasoning","Anesthesiology",12,100,98.1326450724916,90.747105712278,99.8136333159275,-1.86735492750836
"kimi-k2-thinking","Anesthesiology",12,91.6666666666667,97.4564466248852,86.4692837050395,99.5740547990942,5.78977995821859
"claude-haiku-4-5-20251001","Cardiovascular",12,91.6666666666667,94.117190616494,77.3117364930096,98.9527814357467,2.45052394982736
"claude-opus-4-5-20251101","Cardiovascular",12,91.6666666666667,98.2208936236632,90.6989979546604,99.6990758708778,6.55422695699652
"deepseek-v3.2","Cardiovascular",12,100,97.7240500864236,89.5968978111195,99.6973221298988,-2.27594991357638
"gemini-2.5-flash-lite","Cardiovascular",12,75,89.476772363313,63.4113897710127,97.5709137498453,14.476772363313
"gemini-3-pro-preview","Cardiovascular",12,100,97.5233350342374,89.0757339361641,99.6925353180905,-2.47666496576255
"gpt-5-nano-2025-08-07","Cardiovascular",12,75,92.5888535190496,70.4614492179785,98.3966702318647,17.5888535190496
"gpt-5.1-2025-11-13","Cardiovascular",12,91.6666666666667,97.4225689126887,88.1660242391861,99.5527097230274,5.75590224602203
"grok-4-0709","Cardiovascular",12,83.3333333333333,96.6335239787935,84.2278074331241,99.3259293720511,13.3001906454602
"grok-4-1-fast-reasoning","Cardiovascular",12,91.6666666666667,96.6867874082522,86.0319471634616,99.3765323281016,5.0201207415855
"kimi-k2-thinking","Cardiovascular",12,83.3333333333333,95.9271455947901,81.5890998704493,99.1784289747257,12.5938122614568
"claude-haiku-4-5-20251001","Critical Care Medicine",6,83.3333333333333,92.0728927309963,63.6909995125586,98.9192905724693,8.739559397663
"claude-opus-4-5-20251101","Critical Care Medicine",6,100,98.147581723966,88.8827464201869,99.8215912818737,-1.85241827603397
"deepseek-v3.2","Critical Care Medicine",6,100,97.167942886346,83.5421721575706,99.7209327279037,-2.83205711365405
"gemini-2.5-flash-lite","Critical Care Medicine",6,66.6666666666667,86.9081540962569,48.4807834134457,97.7857076599723,20.2414874295903
"gemini-3-pro-preview","Critical Care Medicine",6,100,96.9575845370554,82.8896557271891,99.711848888781,-3.0424154629446
"gpt-5-nano-2025-08-07","Critical Care Medicine",6,66.6666666666667,91.0057165483358,58.0759571973477,98.4692557812749,24.3390498816692
"gpt-5.1-2025-11-13","Critical Care Medicine",6,83.3333333333333,96.5670284986389,79.3449303415773,99.4992965624473,13.2336951653056
"grok-4-0709","Critical Care Medicine",6,83.3333333333333,96.2754448929147,77.5785148207116,99.4315291205028,12.9421115595814
"grok-4-1-fast-reasoning","Critical Care Medicine",6,83.3333333333333,95.5499123178493,75.4628392960414,99.3631154736075,12.216578984516
"kimi-k2-thinking","Critical Care Medicine",6,100,96.219557122755,80.1723423946339,99.6334778599855,-3.78044287724502
"claude-haiku-4-5-20251001","Dermatology",6,83.3333333333333,92.5080333259247,65.518740795778,98.8467442015161,9.17469999259137
"claude-opus-4-5-20251101","Dermatology",6,100,98.2628288729026,89.1305787025429,99.8140971347114,-1.73717112709735
"deepseek-v3.2","Dermatology",6,100,97.2953305049653,84.7583639469742,99.7031735985953,-2.70466949503471
"gemini-2.5-flash-lite","Dermatology",6,83.3333333333333,89.8152328109689,58.0070337890819,98.414327187158,6.48189947763554
"gemini-3-pro-preview","Dermatology",6,83.3333333333333,96.4487197593634,79.9235757752067,99.4462527718706,13.11538642603
"gpt-5-nano-2025-08-07","Dermatology",6,66.6666666666667,91.7077409348368,58.7146405408374,98.6515114561707,25.0410742681702
"gpt-5.1-2025-11-13","Dermatology",6,83.3333333333333,96.8047182253886,81.0575517357452,99.5209481955568,13.4713848920552
"grok-4-0709","Dermatology",6,83.3333333333333,96.5390167532474,78.9022582917779,99.4754230884343,13.2056834199141
"grok-4-1-fast-reasoning","Dermatology",6,83.3333333333333,95.8552541712912,77.1627074052023,99.3845644251284,12.5219208379579
"kimi-k2-thinking","Dermatology",6,100,96.4825387890209,80.9192859981018,99.6106592531606,-3.51746121097909
"claude-haiku-4-5-20251001","Emergency Medicine",18,77.7777777777778,92.8119770559954,74.5086075193161,98.1913282042704,15.0341992782176
"claude-opus-4-5-20251101","Emergency Medicine",18,94.4444444444444,98.3987833315821,93.143845611165,99.6775521376737,3.95433888713765
"deepseek-v3.2","Emergency Medicine",18,88.8888888888889,97.3000261101488,88.7648021600185,99.4023301374445,8.41113722125995
"gemini-2.5-flash-lite","Emergency Medicine",18,88.8888888888889,92.0790323407945,73.0694238112013,98.3587759825827,3.19014345190558
"gemini-3-pro-preview","Emergency Medicine",18,83.3333333333333,96.7570869451664,86.6157416773441,99.2092911987356,13.423753611833
"gpt-5-nano-2025-08-07","Emergency Medicine",18,72.2222222222222,92.406244462214,71.9092102506196,98.1072119788179,20.1840222399918
"gpt-5.1-2025-11-13","Emergency Medicine",18,83.3333333333333,97.0757047504113,87.5485402744201,99.2966666234427,13.742371417078
"grok-4-0709","Emergency Medicine",18,83.3333333333333,96.7862434011095,86.6697812635301,99.2319570351558,13.4529100677762
"grok-4-1-fast-reasoning","Emergency Medicine",18,88.8888888888889,96.6758724648026,87.0032089120492,99.2708516107023,7.78698357591375
"kimi-k2-thinking","Emergency Medicine",18,88.8888888888889,96.5155716989546,86.4660939274013,99.2274088675653,7.6266828100657
"claude-haiku-4-5-20251001","Endocrine",12,75,92.5819520548213,66.33716069857,98.6363910701233,17.5819520548213
"claude-opus-4-5-20251101","Endocrine",12,100,98.994238960066,93.7411232435156,99.9441348467762,-1.00576103993394
"deepseek-v3.2","Endocrine",12,83.3333333333333,97.0399371081381,83.7869803612054,99.5417741270633,13.7066037748047
"gemini-2.5-flash-lite","Endocrine",12,83.3333333333333,92.5539729726809,69.2139001431949,98.9211383077825,9.22063963934751
"gemini-3-pro-preview","Endocrine",12,100,98.4121210289586,90.8384896784041,99.9145292071062,-1.58787897104136
"gpt-5-nano-2025-08-07","Endocrine",12,75,92.9027505417117,66.2641230382364,98.7390898463925,17.9027505417117
"gpt-5.1-2025-11-13","Endocrine",12,100,98.5599177077561,91.199405617942,99.9285154690184,-1.44008229224393
"grok-4-0709","Endocrine",12,75,95.8470904644101,73.4886546965258,99.3005731543644,20.8470904644101
"grok-4-1-fast-reasoning","Endocrine",12,83.3333333333333,96.5188655466312,81.1716695583288,99.4442878587418,13.1855322132979
"kimi-k2-thinking","Endocrine",12,83.3333333333333,96.4152497336581,80.9264080018664,99.3881805658047,13.0819164003248
"claude-haiku-4-5-20251001","Gastrointestinal",12,83.3333333333333,93.1912126533708,73.2618395340187,98.5260498761617,9.85787932003741
"claude-opus-4-5-20251101","Gastrointestinal",12,100,98.5141804011977,92.427711071582,99.7948866687739,-1.48581959880229
"deepseek-v3.2","Gastrointestinal",12,100,97.6579199167249,89.2443521663395,99.702343393023,-2.34208008327512
"gemini-2.5-flash-lite","Gastrointestinal",12,75,89.3342126446716,62.6648730507317,97.6449615974531,14.3342126446716
"gemini-3-pro-preview","Gastrointestinal",12,83.3333333333333,96.6428171781017,83.3267218032914,99.3408514088328,13.3094838447684
"gpt-5-nano-2025-08-07","Gastrointestinal",12,91.6666666666667,94.421860851675,77.952823949472,98.9684045948503,2.75519418500839
"gpt-5.1-2025-11-13","Gastrointestinal",12,91.6666666666667,97.3961180721386,87.9559175843487,99.5118470624651,5.72945140547196
"grok-4-0709","Gastrointestinal",12,100,97.5613862381664,88.9628044391542,99.6625536103563,-2.43861376183361
"grok-4-1-fast-reasoning","Gastrointestinal",12,91.6666666666667,96.655975268589,85.0792131549378,99.3706173087252,4.98930860192235
"kimi-k2-thinking","Gastrointestinal",12,83.3333333333333,95.8569096385124,81.6252805336272,99.1857932231717,12.523576305179
"claude-haiku-4-5-20251001","General Surgery",12,50,78.4346493708241,35.4433859937176,94.6535166400539,28.4346493708241
"claude-opus-4-5-20251101","General Surgery",12,91.6666666666667,96.6716404663583,84.535685586146,99.484693270733,5.00497379969167
"deepseek-v3.2","General Surgery",12,83.3333333333333,94.0285349515296,73.8880515516267,98.8102179639008,10.6952016181963
"gemini-2.5-flash-lite","General Surgery",12,66.6666666666667,79.9301096455809,44.2738420998522,95.1689940243467,13.2634429789143
"gemini-3-pro-preview","General Surgery",12,100,96.1529788763795,81.8737459149514,99.703318854949,-3.84702112362049
"gpt-5-nano-2025-08-07","General Surgery",12,75,87.2383010479884,57.3091963452416,97.1374395358714,12.2383010479884
"gpt-5.1-2025-11-13","General Surgery",12,83.3333333333333,94.218189951033,74.7211046330544,98.9299193633464,10.8848566176997
"grok-4-0709","General Surgery",12,83.3333333333333,93.6847413317947,73.1273726599619,98.7640260493584,10.3514079984614
"grok-4-1-fast-reasoning","General Surgery",12,75,91.2893118572513,65.0823499804394,98.2092650339223,16.2893118572513
"kimi-k2-thinking","General Surgery",12,100,95.3513245592608,79.4693041791769,99.6298563917664,-4.6486754407392
"claude-haiku-4-5-20251001","Geriatrics",6,83.3333333333333,95.1726214715624,72.6231917799019,99.4370075302295,11.839288138229
"claude-opus-4-5-20251101","Geriatrics",6,83.3333333333333,98.620291477442,88.39375168715,99.8316146809025,15.2869581441086
"deepseek-v3.2","Geriatrics",6,100,98.4640812273161,89.898687493882,99.885996498235,-1.53591877268393
"gemini-2.5-flash-lite","Geriatrics",6,83.3333333333333,93.2038865853641,65.7447046683232,99.1715748189165,9.87055325203075
"gemini-3-pro-preview","Geriatrics",6,100,98.3433541492939,89.0206467462671,99.8791711343087,-1.65664585070611
"gpt-5-nano-2025-08-07","Geriatrics",6,83.3333333333333,95.4260307138925,73.7363921840273,99.4507481344596,12.0926973805591
"gpt-5.1-2025-11-13","Geriatrics",6,100,98.4717226071894,90.1888997634831,99.8925477249619,-1.52827739281058
"grok-4-0709","Geriatrics",6,83.3333333333333,97.7562644223114,82.8051950054991,99.7178936022507,14.4229310889781
"grok-4-1-fast-reasoning","Geriatrics",6,83.3333333333333,97.3860827215101,81.6837026172911,99.6733243883727,14.0527493881768
"kimi-k2-thinking","Geriatrics",6,83.3333333333333,97.1927414089314,81.0097716872922,99.6515309229422,13.8594080755981
"claude-haiku-4-5-20251001","Hematology",6,50,83.4908970128283,41.5756640569026,96.9155461332095,33.4908970128283
"claude-opus-4-5-20251101","Hematology",6,100,96.7790394233873,82.9967649396026,99.6417489355376,-3.22096057661265
"deepseek-v3.2","Hematology",6,100,95.1342564491618,75.5843717479329,99.4782561161333,-4.86574355083823
"gemini-2.5-flash-lite","Hematology",6,50,78.2548807882544,35.5783347020735,95.6491273575498,28.2548807882544
"gemini-3-pro-preview","Hematology",6,83.3333333333333,93.6976044340754,70.7899426650301,99.0649784911928,10.3642711007421
"gpt-5-nano-2025-08-07","Hematology",6,66.6666666666667,86.2761556046731,50.4074238319258,97.5132990710664,19.6094889380065
"gpt-5.1-2025-11-13","Hematology",6,83.3333333333333,94.3188507737206,71.9484720467955,99.1603386739276,10.9855174403872
"grok-4-0709","Hematology",6,100,94.8780120559116,75.5417251536255,99.3622172866167,-5.12198794408845
"grok-4-1-fast-reasoning","Hematology",6,66.6666666666667,91.4509272996845,62.792775422399,98.607159495906,24.7842606330178
"kimi-k2-thinking","Hematology",6,66.6666666666667,90.9220624842704,60.268579771398,98.4016412211206,24.2553958176037
"claude-haiku-4-5-20251001","Immunology",6,100,97.1519529073979,80.6886949136953,99.880219576596,-2.84804709260213
"claude-opus-4-5-20251101","Immunology",6,100,99.1995284952558,92.1096811611411,99.9642638443446,-0.800471504744209
"deepseek-v3.2","Immunology",6,100,98.7518739119531,89.6245389672316,99.9437391282239,-1.24812608804686
"gemini-2.5-flash-lite","Immunology",6,100,95.9993239497779,73.740497241106,99.8355853107577,-4.0006760502221
"gemini-3-pro-preview","Immunology",6,83.3333333333333,97.7424223959501,72.6265532689025,99.7516782360829,14.4090890626167
"gpt-5-nano-2025-08-07","Immunology",6,100,97.3203792938737,81.129465144101,99.8693989139865,-2.67962070612629
"gpt-5.1-2025-11-13","Immunology",6,83.3333333333333,97.9926836743031,74.9191520108022,99.7709797303039,14.6593503409698
"grok-4-0709","Immunology",6,100,98.6615193514366,88.9422887484604,99.938201094421,-1.33848064856336
"grok-4-1-fast-reasoning","Immunology",6,100,98.4620857674173,87.4950764358751,99.9172759568312,-1.53791423258269
"kimi-k2-thinking","Immunology",6,100,98.3530284576913,86.4322080352374,99.9243416582939,-1.64697154230875
"claude-haiku-4-5-20251001","Infectious Disease",12,66.6666666666667,86.0399209147932,48.6352336397653,97.289726225363,19.3732542481265
"claude-opus-4-5-20251101","Infectious Disease",12,58.3333333333333,90.4092387966112,45.5228210517886,98.8015558869906,32.0759054632779
"deepseek-v3.2","Infectious Disease",12,83.3333333333333,95.9386559850386,79.6505192265757,99.3985692993222,12.6053226517053
"gemini-2.5-flash-lite","Infectious Disease",12,75,87.4549490011902,53.3000515600505,98.1380740645774,12.4549490011902
"gemini-3-pro-preview","Infectious Disease",12,83.3333333333333,95.6949833921031,77.2155516079554,99.43533643368,12.3616500587698
"gpt-5-nano-2025-08-07","Infectious Disease",12,91.6666666666667,95.4341580515029,75.3039503134585,99.6442035169295,3.76749138483625
"gpt-5.1-2025-11-13","Infectious Disease",12,91.6666666666667,97.4020124794568,85.0571559880122,99.741095377261,5.73534581279011
"grok-4-0709","Infectious Disease",12,83.3333333333333,95.7504019481915,77.5950690312941,99.399817412155,12.4170686148582
"grok-4-1-fast-reasoning","Infectious Disease",12,75,93.1882035787582,66.5452612766425,98.9107914647537,18.1882035787582
"kimi-k2-thinking","Infectious Disease",12,83.3333333333333,95.0966952604634,75.6213335022482,99.3135270416676,11.7633619271301
"claude-haiku-4-5-20251001","Medical Oncology",6,100,97.2863892601495,80.25143493503,99.8531653892621,-2.71361073985052
"claude-opus-4-5-20251101","Medical Oncology",6,100,99.2860254299712,92.5753453982112,99.9597640088556,-0.713974570028839
"deepseek-v3.2","Medical Oncology",6,100,98.869354333848,89.4703227957252,99.9344348229228,-1.13064566615205
"gemini-2.5-flash-lite","Medical Oncology",6,100,96.1676848756721,75.5510965664214,99.8173454191453,-3.83231512432786
"gemini-3-pro-preview","Medical Oncology",6,100,98.7626755787051,89.95441704421,99.9345102441075,-1.2373244212949
"gpt-5-nano-2025-08-07","Medical Oncology",6,100,97.4057024230891,82.4691390868248,99.8452482983088,-2.59429757691089
"gpt-5.1-2025-11-13","Medical Oncology",6,83.3333333333333,98.225642899394,75.2121379538823,99.8148904858464,14.8923095660606
"grok-4-0709","Medical Oncology",6,100,98.7643494227257,89.8010993034532,99.9268749364089,-1.23565057727427
"grok-4-1-fast-reasoning","Medical Oncology",6,100,98.5498160419372,87.771910405857,99.9180940903627,-1.45018395806278
"kimi-k2-thinking","Medical Oncology",6,100,98.4698123141088,88.2347201912711,99.9096961998619,-1.53018768589122
"claude-haiku-4-5-20251001","Nephrology",6,83.3333333333333,95.1068986538402,71.1579725007888,99.4031227640934,11.7735653205069
"claude-opus-4-5-20251101","Nephrology",6,83.3333333333333,98.586762465762,88.2171438653276,99.8220462429692,15.2534291324287
"deepseek-v3.2","Nephrology",6,100,98.4083922061365,89.8128325411474,99.8898457791253,-1.59160779386353
"gemini-2.5-flash-lite","Nephrology",6,83.3333333333333,93.0283629177143,66.0702535442142,99.2340764583023,9.69502958438093
"gemini-3-pro-preview","Nephrology",6,100,98.3108142536012,88.7514671414112,99.8898842976492,-1.68918574639882
"gpt-5-nano-2025-08-07","Nephrology",6,83.3333333333333,95.3565245678967,73.3890756166714,99.4079619347443,12.0231912345633
"gpt-5.1-2025-11-13","Nephrology",6,83.3333333333333,97.9148938059498,84.325764765346,99.7461536647066,14.5815604726165
"grok-4-0709","Nephrology",6,100,98.3084656292935,89.1421776092114,99.8839392169642,-1.69153437070646
"grok-4-1-fast-reasoning","Nephrology",6,83.3333333333333,97.2974992922433,81.1907387706844,99.6417318016785,13.96416595891
"kimi-k2-thinking","Nephrology",6,83.3333333333333,97.1569301338272,81.0590384548914,99.6508464778979,13.8235968004938
"claude-haiku-4-5-20251001","Neurological Surgery",6,66.6666666666667,87.4713601987181,48.959467957539,98.3440505942331,20.8046935320514
"claude-opus-4-5-20251101","Neurological Surgery",6,66.6666666666667,95.6270651189192,72.8981890660674,99.3880143369384,28.9603984522525
"deepseek-v3.2","Neurological Surgery",6,50,91.7816372277787,49.7681138114758,98.760600034063,41.7816372277787
"gemini-2.5-flash-lite","Neurological Surgery",6,50,78.8438906757666,30.8703605950983,96.4798674378654,28.8438906757666
"gemini-3-pro-preview","Neurological Surgery",6,66.6666666666667,93.366424242785,65.7516777473322,99.0598414919166,26.6997575761183
"gpt-5-nano-2025-08-07","Neurological Surgery",6,83.3333333333333,90.899767955809,59.6702228290278,99.1446582710389,7.56643462247563
"gpt-5.1-2025-11-13","Neurological Surgery",6,83.3333333333333,95.3865249705954,75.6320403090365,99.5312522198786,12.053191637262
"grok-4-0709","Neurological Surgery",6,50,91.446724986992,51.113326055301,98.6178790336658,41.446724986992
"grok-4-1-fast-reasoning","Neurological Surgery",6,66.6666666666667,92.5039642463896,63.7391227565632,98.9022048276429,25.837297579723
"kimi-k2-thinking","Neurological Surgery",6,83.3333333333333,93.9749680798591,70.2611909594832,99.4686522943863,10.6416347465258
"claude-haiku-4-5-20251001","Neurology",18,83.3333333333333,92.6996640360901,73.5812073079229,98.4349572511586,9.36633070275673
"claude-opus-4-5-20251101","Neurology",18,94.4444444444444,98.2934879890283,92.0999218454675,99.7469683067645,3.84904354458384
"deepseek-v3.2","Neurology",18,83.3333333333333,96.0875953492796,82.6451937634322,99.1887270116275,12.7542620159463
"gemini-2.5-flash-lite","Neurology",18,61.1111111111111,82.4372686908042,45.2958924089274,95.4853126975631,21.326157579693
"gemini-3-pro-preview","Neurology",18,94.4444444444444,97.3811708239843,88.7982983007432,99.6508748515954,2.93672637953988
"gpt-5-nano-2025-08-07","Neurology",18,77.7777777777778,91.6316160610149,69.2168742424068,97.9756866379261,13.8538382832372
"gpt-5.1-2025-11-13","Neurology",18,94.4444444444444,97.6225556684344,89.7726167340782,99.6597337899353,3.17811122398992
"grok-4-0709","Neurology",18,94.4444444444444,97.4070859555205,88.6049501746954,99.6525833682351,2.96264151107601
"grok-4-1-fast-reasoning","Neurology",18,94.4444444444444,96.9867750089674,87.1236798948688,99.59267137824,2.54233056452293
"kimi-k2-thinking","Neurology",18,83.3333333333333,95.2209483719693,80.1650072087789,98.9640179181098,11.887615038636
"claude-haiku-4-5-20251001","Obstetrics and Gynecology",18,88.8888888888889,95.393879439052,82.3897278995045,99.0875532133768,6.50499055016309
"claude-opus-4-5-20251101","Obstetrics and Gynecology",18,94.4444444444444,98.7336847220168,93.8796420646533,99.778113524864,4.28924027757233
"deepseek-v3.2","Obstetrics and Gynecology",18,88.8888888888889,97.7730632381546,89.8708065444726,99.5692824368564,8.88417434926568
"gemini-2.5-flash-lite","Obstetrics and Gynecology",18,83.3333333333333,92.8530708650056,74.7789741340982,98.4358551582238,9.51973753167229
"gemini-3-pro-preview","Obstetrics and Gynecology",18,83.3333333333333,97.2774084614458,87.1204386184781,99.4299300529934,13.9440751281124
"gpt-5-nano-2025-08-07","Obstetrics and Gynecology",18,100,96.6801396854543,86.1874952626343,99.626417250823,-3.31986031454565
"gpt-5.1-2025-11-13","Obstetrics and Gynecology",18,94.4444444444444,98.2082724789557,91.9076666586086,99.6717673306726,3.76382803451128
"grok-4-0709","Obstetrics and Gynecology",18,94.4444444444444,98.0189149079575,90.945963025634,99.651434359775,3.57447046351309
"grok-4-1-fast-reasoning","Obstetrics and Gynecology",18,88.8888888888889,97.2579087903578,88.2865456852341,99.4641932784017,8.36901990146892
"kimi-k2-thinking","Obstetrics and Gynecology",18,83.3333333333333,96.7420718619648,85.8172424237807,99.2668201406338,13.4087385286315
"claude-haiku-4-5-20251001","Ophthalmology",6,66.6666666666667,86.9388500477143,50.3704480899192,98.0902882899383,20.2721833810476
"claude-opus-4-5-20251101","Ophthalmology",6,83.3333333333333,96.6459829913508,81.3107399271492,99.5951613917699,13.3126496580175
"deepseek-v3.2","Ophthalmology",6,66.6666666666667,93.6140176576162,67.1524711519385,99.0954980190733,26.9473509909496
"gemini-2.5-flash-lite","Ophthalmology",6,33.3333333333333,74.2245911645584,21.0506457006175,95.0402052151927,40.8912578312251
"gemini-3-pro-preview","Ophthalmology",6,83.3333333333333,94.7649127048325,73.5720629856496,99.3437287959923,11.4315793714991
"gpt-5-nano-2025-08-07","Ophthalmology",6,50,84.6134116278849,40.3135760613867,97.182102511684,34.6134116278849
"gpt-5.1-2025-11-13","Ophthalmology",6,83.3333333333333,95.2628384959035,75.8417413017758,99.4118195681102,11.9295051625702
"grok-4-0709","Ophthalmology",6,83.3333333333333,94.9144967029033,72.7796509406213,99.3791482051626,11.58116336957
"grok-4-1-fast-reasoning","Ophthalmology",6,83.3333333333333,93.967162433516,70.9988384025691,99.2808945622054,10.6338291001826
"kimi-k2-thinking","Ophthalmology",6,66.6666666666667,91.9966414154336,61.4944407350199,98.7489400250422,25.3299747487669
"claude-haiku-4-5-20251001","Orthopedic Surgery",6,66.6666666666667,90.9722100503146,54.9617680733403,98.7055057453528,24.3055433836479
"claude-opus-4-5-20251101","Orthopedic Surgery",6,83.3333333333333,97.810951062779,83.281942274374,99.7358684820512,14.4776177294457
"deepseek-v3.2","Orthopedic Surgery",6,83.3333333333333,96.7479965054641,80.099307098631,99.5763791154921,13.4146631721307
"gemini-2.5-flash-lite","Orthopedic Surgery",6,66.6666666666667,87.8005798940865,47.6782639774532,98.0122283184846,21.1339132274199
"gemini-3-pro-preview","Orthopedic Surgery",6,100,97.4100428050474,84.5869770306912,99.8015265291044,-2.58995719495259
"gpt-5-nano-2025-08-07","Orthopedic Surgery",6,83.3333333333333,93.2010985935846,67.5019625944219,99.0733398638382,9.86776526025129
"gpt-5.1-2025-11-13","Orthopedic Surgery",6,100,97.666791439412,85.7700921724878,99.8073199567278,-2.33320856058801
"grok-4-0709","Orthopedic Surgery",6,100,97.4669129806817,84.373441344794,99.804642271533,-2.53308701931827
"grok-4-1-fast-reasoning","Orthopedic Surgery",6,100,96.9932310622558,82.5223708255156,99.7682707205332,-3.00676893774417
"kimi-k2-thinking","Orthopedic Surgery",6,83.3333333333333,95.807774031435,75.564286040896,99.464440724048,12.4744406981016
"claude-haiku-4-5-20251001","Otolaryngology",6,83.3333333333333,94.3655587092917,70.1288213462014,99.3143705938329,11.0322253759583
"claude-opus-4-5-20251101","Otolaryngology",6,100,98.7995185102289,92.0202946548161,99.8997764527069,-1.20048148977109
"deepseek-v3.2","Otolaryngology",6,100,98.0794501560067,87.6345234978452,99.8398204693032,-1.92054984399331
"gemini-2.5-flash-lite","Otolaryngology",6,66.6666666666667,90.0907415734382,51.1993239276763,98.5395834291187,23.4240749067715
"gemini-3-pro-preview","Otolaryngology",6,100,97.9624650439627,87.5925006839075,99.8394078354885,-2.03753495603729
"gpt-5-nano-2025-08-07","Otolaryngology",6,83.3333333333333,94.702642773804,70.6647525167433,99.2733697990765,11.3693094404707
"gpt-5.1-2025-11-13","Otolaryngology",6,100,98.2450831941648,89.222047300728,99.850343854055,-1.75491680583517
"grok-4-0709","Otolaryngology",6,100,98.0029671739134,87.0510926513204,99.8375908761864,-1.99703282608658
"grok-4-1-fast-reasoning","Otolaryngology",6,83.3333333333333,96.8764033621922,79.2359865526026,99.5707173450923,13.5430700288588
"kimi-k2-thinking","Otolaryngology",6,100,97.5274965304492,85.1160115369163,99.7932453407387,-2.47250346955082
"claude-haiku-4-5-20251001","Pediatrics",30,83.3333333333333,91.6424333500563,76.4853240204878,97.7112856310547,8.30910001672298
"claude-opus-4-5-20251101","Pediatrics",30,83.3333333333333,96.9968718929579,89.5235206454742,99.1711704869553,13.6635385596246
"deepseek-v3.2","Pediatrics",30,83.3333333333333,95.7441148154239,86.0450999574055,98.7761735398591,12.4107814820906
"gemini-2.5-flash-lite","Pediatrics",30,76.6666666666667,87.1873177948438,66.909576698639,96.1620813204729,10.5206511281771
"gemini-3-pro-preview","Pediatrics",30,73.3333333333333,94.1179584069096,79.73533211447,98.2575093770999,20.7846250735762
"gpt-5-nano-2025-08-07","Pediatrics",30,80,91.3466701175952,75.915044607984,97.4195529369917,11.3466701175952
"gpt-5.1-2025-11-13","Pediatrics",30,83.3333333333333,95.8913030700062,86.6039277863052,98.8307168342207,12.5579697366728
"grok-4-0709","Pediatrics",30,86.6666666666667,95.9314300346005,87.1231254387497,98.9016244510861,9.2647633679338
"grok-4-1-fast-reasoning","Pediatrics",30,90,95.7712508730869,86.354425998551,98.9309954857588,5.77125087308687
"kimi-k2-thinking","Pediatrics",30,80,94.1512266560787,82.0613971687623,98.3430169999989,14.1512266560787
"claude-haiku-4-5-20251001","Physical Medicine and Rehabilitation",6,100,94.7062528356034,73.4583857380737,99.6592964763359,-5.29374716439656
"claude-opus-4-5-20251101","Physical Medicine and Rehabilitation",6,83.3333333333333,97.9949366421895,86.1059951061274,99.7386185008818,14.6616033088561
"deepseek-v3.2","Physical Medicine and Rehabilitation",6,66.6666666666667,95.9534642788835,69.0614020759836,99.3677148720681,29.2867976122169
"gemini-2.5-flash-lite","Physical Medicine and Rehabilitation",6,66.6666666666667,87.9808078822569,47.8489464434403,98.1098796756192,21.3141412155903
"gemini-3-pro-preview","Physical Medicine and Rehabilitation",6,83.3333333333333,96.7924292131698,79.5409261526311,99.5646455857523,13.4590958798365
"gpt-5-nano-2025-08-07","Physical Medicine and Rehabilitation",6,83.3333333333333,93.5619891574031,67.6829089418108,99.2350562390894,10.2286558240698
"gpt-5.1-2025-11-13","Physical Medicine and Rehabilitation",6,83.3333333333333,97.0890774542555,81.7261522575336,99.6174103445475,13.7557441209222
"grok-4-0709","Physical Medicine and Rehabilitation",6,83.3333333333333,96.8022130179087,80.9979256141967,99.5906066576413,13.4688796845753
"grok-4-1-fast-reasoning","Physical Medicine and Rehabilitation",6,83.3333333333333,96.2229366702466,78.9856470405565,99.5037939060084,12.8896033369132
"kimi-k2-thinking","Physical Medicine and Rehabilitation",6,83.3333333333333,96.0325180341965,77.7563602909604,99.5084269261971,12.6991847008632
"claude-haiku-4-5-20251001","Plastic Surgery",6,83.3333333333333,89.2850114029751,53.37762040888,98.6977766375371,5.95167806964179
"claude-opus-4-5-20251101","Plastic Surgery",6,100,97.5764914165635,84.3310986616768,99.8907342684357,-2.4235085834365
"deepseek-v3.2","Plastic Surgery",6,100,96.3528102566367,77.6669257087029,99.8405074211114,-3.64718974336327
"gemini-2.5-flash-lite","Plastic Surgery",6,50,76.2968062567055,26.8236052205448,95.2820313292867,26.2968062567055
"gemini-3-pro-preview","Plastic Surgery",6,83.3333333333333,93.9808848561548,66.2399865478012,99.2665497847648,10.6475515228214
"gpt-5-nano-2025-08-07","Plastic Surgery",6,50,81.5793913087437,28.9815783062861,96.6887630007177,31.5793913087437
"gpt-5.1-2025-11-13","Plastic Surgery",6,100,96.4859672229944,79.1735709102134,99.8360310401101,-3.51403277700564
"grok-4-0709","Plastic Surgery",6,100,96.0998065664011,77.1093437109771,99.8374979557339,-3.90019343359889
"grok-4-1-fast-reasoning","Plastic Surgery",6,100,95.521537686924,74.1162032119872,99.7987679179998,-4.47846231307598
"kimi-k2-thinking","Plastic Surgery",6,66.6666666666667,90.1619877970929,49.84014364621,98.4913169565604,23.4953211304262
"claude-haiku-4-5-20251001","Psychiatry",18,72.2222222222222,92.860097055544,69.7210609348582,98.3437833893292,20.6378748333218
"claude-opus-4-5-20251101","Psychiatry",18,100,99.0103217616803,95.2572559498927,99.8696763345529,-0.989678238319698
"deepseek-v3.2","Psychiatry",18,88.8888888888889,97.8550547860465,89.9424941538453,99.5465641370413,8.96616589715762
"gemini-2.5-flash-lite","Psychiatry",18,88.8888888888889,94.0183422966942,77.8586115764581,98.850367589219,5.12945340780536
"gemini-3-pro-preview","Psychiatry",18,94.4444444444444,98.0904208678311,91.4655026696085,99.6664115255007,3.64597642338666
"gpt-5-nano-2025-08-07","Psychiatry",18,94.4444444444444,96.4574648430618,85.59160175343,99.4115690897175,2.0130203986174
"gpt-5.1-2025-11-13","Psychiatry",18,88.8888888888889,97.907929472704,90.1449012607513,99.5677290192164,9.01904058381517
"grok-4-0709","Psychiatry",18,88.8888888888889,97.6788739752847,89.2183043825494,99.5127654476205,8.78998508639584
"grok-4-1-fast-reasoning","Psychiatry",18,88.8888888888889,97.3605611710807,88.1427552524003,99.4642057038016,8.47167228219182
"kimi-k2-thinking","Psychiatry",18,94.4444444444444,97.6894226153046,90.0772633254259,99.6089521651188,3.24497817086014
"claude-haiku-4-5-20251001","Pulmonary",12,75,90.6652677510976,62.7816819961838,98.3502483181903,15.6652677510976
"claude-opus-4-5-20251101","Pulmonary",12,91.6666666666667,98.0914864569317,89.8398535916489,99.7787803000092,6.424819790265
"deepseek-v3.2","Pulmonary",12,83.3333333333333,96.3260757728461,81.4004750102529,99.4811465495386,12.9927424395127
"gemini-2.5-flash-lite","Pulmonary",12,91.6666666666667,91.8800239822188,66.4872661772276,99.2906975128298,0.21335731555213
"gemini-3-pro-preview","Pulmonary",12,75,95.1268197995495,73.6862054128596,99.1534073949182,20.1268197995495
"gpt-5-nano-2025-08-07","Pulmonary",12,66.6666666666667,89.0831488675305,53.8851589218956,97.8382436056946,22.4164822008638
"gpt-5.1-2025-11-13","Pulmonary",12,91.6666666666667,97.2493752549399,86.2982401588731,99.714778844737,5.58270858827323
"grok-4-0709","Pulmonary",12,83.3333333333333,96.1501062178873,81.0496106388772,99.4397809738278,12.8167728845539
"grok-4-1-fast-reasoning","Pulmonary",12,75,94.3321655762776,70.9405941136726,99.0577088408295,19.3321655762776
"kimi-k2-thinking","Pulmonary",12,83.3333333333333,95.3726958082073,77.7244694638582,99.3362834956642,12.0393624748739
"claude-haiku-4-5-20251001","Radiation Oncology",6,66.6666666666667,89.0339278868444,51.5413645303882,98.2234996268306,22.3672612201777
"claude-opus-4-5-20251101","Radiation Oncology",6,83.3333333333333,97.3320004769686,82.9473857820036,99.6900894294413,13.9986671436353
"deepseek-v3.2","Radiation Oncology",6,66.6666666666667,94.735215602596,65.3193158268517,99.1963487508906,28.0685489359294
"gemini-2.5-flash-lite","Radiation Oncology",6,83.3333333333333,88.034591931768,53.1549083331013,98.675375839104,4.70125859843468
"gemini-3-pro-preview","Radiation Oncology",6,100,96.7968807724626,81.9193784490859,99.832768883068,-3.20311922753744
"gpt-5-nano-2025-08-07","Radiation Oncology",6,66.6666666666667,89.5563816342846,51.6257376577391,98.3626426764696,22.8897149676179
"gpt-5.1-2025-11-13","Radiation Oncology",6,83.3333333333333,96.3128768812605,78.4968051843335,99.5535539000125,12.9795435479271
"grok-4-0709","Radiation Oncology",6,66.6666666666667,94.3974749453946,64.8664651023783,99.1514338034647,27.7308082787279
"grok-4-1-fast-reasoning","Radiation Oncology",6,83.3333333333333,95.1873798340413,74.4206554003062,99.4578973522224,11.8540465007079
"kimi-k2-thinking","Radiation Oncology",6,83.3333333333333,94.8526614660732,72.4255503299537,99.3776329374495,11.5193281327399
"claude-haiku-4-5-20251001","Rheumatology/Musculoskeletal",6,100,96.8341482587967,77.8862855406812,99.8563073495542,-3.16585174120334
"claude-opus-4-5-20251101","Rheumatology/Musculoskeletal",6,100,99.1178998921466,91.2798361340382,99.9628842387434,-0.88210010785339
"deepseek-v3.2","Rheumatology/Musculoskeletal",6,100,98.5845739957387,88.2008155186811,99.9413256806346,-1.41542600426128
"gemini-2.5-flash-lite","Rheumatology/Musculoskeletal",6,66.6666666666667,89.5928521421715,37.586017906154,98.5229779130411,22.9261854755048
"gemini-3-pro-preview","Rheumatology/Musculoskeletal",6,100,98.5233873766948,87.7063776120693,99.9406792047119,-1.47661262330523
"gpt-5-nano-2025-08-07","Rheumatology/Musculoskeletal",6,100,96.9581889130873,78.6595011835967,99.8602605583678,-3.04181108691273
"gpt-5.1-2025-11-13","Rheumatology/Musculoskeletal",6,100,98.6625818382937,88.7767606507465,99.9544746909303,-1.33741816170634
"grok-4-0709","Rheumatology/Musculoskeletal",6,100,98.5265763875017,88.0777057726774,99.9416921349104,-1.47342361249834
"grok-4-1-fast-reasoning","Rheumatology/Musculoskeletal",6,100,98.3003898777402,85.9833255116396,99.9283853019728,-1.69961012225977
"kimi-k2-thinking","Rheumatology/Musculoskeletal",6,100,98.1586471096147,85.7452657266909,99.9194956206473,-1.84135289038534
"claude-haiku-4-5-20251001","Thoracic Surgery",6,83.3333333333333,89.3831872733535,52.0946992875869,99.2991928312728,6.04985394002014
"claude-opus-4-5-20251101","Thoracic Surgery",6,83.3333333333333,96.33615699746,75.1893841607221,99.7430376098391,13.0028236641267
"deepseek-v3.2","Thoracic Surgery",6,83.3333333333333,94.6736686999343,66.5772536274707,99.5910115277196,11.3403353666009
"gemini-2.5-flash-lite","Thoracic Surgery",6,33.3333333333333,62.5201527876188,10.6362833110717,92.6707204455415,29.1868194542854
"gemini-3-pro-preview","Thoracic Surgery",6,83.3333333333333,94.3250230328047,66.2078043872579,99.5962959562987,10.9916896994713
"gpt-5-nano-2025-08-07","Thoracic Surgery",6,83.3333333333333,89.7336098561953,52.9587306274227,99.3232318580074,6.40027652286197
"gpt-5.1-2025-11-13","Thoracic Surgery",6,66.6666666666667,91.3771357238773,47.6619179233718,98.8808581706721,24.7104690572106
"grok-4-0709","Thoracic Surgery",6,83.3333333333333,94.3066437502058,66.2530767684407,99.6004319555351,10.9733104168725
"grok-4-1-fast-reasoning","Thoracic Surgery",6,50,84.0771517978954,25.4477533424605,97.6894148509889,34.0771517978954
"kimi-k2-thinking","Thoracic Surgery",6,83.3333333333333,93.2035404839087,63.1427428451505,99.5481654537278,9.87020715057533
"claude-haiku-4-5-20251001","Urology",6,66.6666666666667,91.7503744140503,53.8106521781403,98.6408567137716,25.0837077473836
"claude-opus-4-5-20251101","Urology",6,100,98.5822278967617,90.1326935099705,99.8724155396083,-1.41777210323835
"deepseek-v3.2","Urology",6,100,97.7403379164253,86.3441979684035,99.8203999503931,-2.25966208357471
"gemini-2.5-flash-lite","Urology",6,83.3333333333333,90.7447237472024,59.3915251919904,98.635760560889,7.41139041386903
"gemini-3-pro-preview","Urology",6,100,97.6301685400986,84.9400867149661,99.8161918671949,-2.36983145990136
"gpt-5-nano-2025-08-07","Urology",6,83.3333333333333,93.7159409016399,67.1292566344803,99.0916316028402,10.3826075683066
"gpt-5.1-2025-11-13","Urology",6,100,97.8578532691204,86.8877823334237,99.8169782732473,-2.1421467308796
"grok-4-0709","Urology",6,100,97.6438687454173,85.4036076445685,99.7901457186473,-2.35613125458273
"grok-4-1-fast-reasoning","Urology",6,83.3333333333333,96.297636139721,75.6678564559454,99.4442051013708,12.9643028063876
"kimi-k2-thinking","Urology",6,83.3333333333333,96.0788838299074,74.716676018607,99.4422080974781,12.745550496574
"claude-haiku-4-5-20251001","Vascular Surgery",6,100,99.2065390926709,82.3554804454416,99.9977410612984,-0.793460907329077
"claude-opus-4-5-20251101","Vascular Surgery",6,100,99.6006696190645,88.4324276601076,99.9982287357018,-0.39933038093551
"deepseek-v3.2","Vascular Surgery",6,83.3333333333333,95.9985986682809,61.9599559487446,99.8485502286772,12.6652653349475
"gemini-2.5-flash-lite","Vascular Surgery",6,100,99.1023081802582,78.5391828901568,99.9958230485612,-0.897691819741837
"gemini-3-pro-preview","Vascular Surgery",6,16.6666666666667,20.1764108535037,0.816472888534693,81.7839968431321,3.50974418683706
"gpt-5-nano-2025-08-07","Vascular Surgery",6,66.6666666666667,84.1129722174983,26.1076078753168,98.8177772299532,17.4463055508316
"gpt-5.1-2025-11-13","Vascular Surgery",6,50,68.1977933767444,11.6050918818715,96.9045525410686,18.1977933767444
"grok-4-0709","Vascular Surgery",6,83.3333333333333,96.0446255379038,59.5872083675662,99.8663123264999,12.7112922045704
"grok-4-1-fast-reasoning","Vascular Surgery",6,66.6666666666667,86.0326350791242,27.2848876258822,99.0168529787378,19.3659684124575
"kimi-k2-thinking","Vascular Surgery",6,50,67.3031738106416,11.6143232337441,96.4185490712011,17.3031738106416
